-----------------------------------------
-- Добавление значений в таблицу Peers --
-----------------------------------------
INSERT INTO Peers (Nickname, Birthday)
VALUES ('Dynarini', '1992-12-05'),
       ('Oryadela', '2004-02-04'),
       ('Nearache', '1999-05-09'),
       ('Toriaran', '1970-03-30'),
       ('Jobinnne', '1970-04-29'),
       ('Pararlaf', '1974-04-09'),
       ('Jecugrrl', '2003-02-23'),
       ('Katemede', '1991-03-24'),
       ('Naunggly', '1973-06-05'),
       ('Westagar', '1981-02-04'),
       ('Tereraya', '1985-02-03'),
       ('Iemarias', '1990-04-10'),
       ('Ponanyli', '1972-11-12'),
       ('Jamelstr', '1988-05-11'),
       ('Usicelar', '1984-08-29'),
       ('Ucerallb', '1976-01-21'),
       ('Deghayra', '1982-10-14'),
       ('Mandreny', '1992-10-02'),
       ('Thonimeo', '1992-06-05'),
       ('Eileangi', '1983-02-24');


-----------------------------------------
-- Добавление значений в таблицу Tasks --
-----------------------------------------
INSERT INTO Tasks (Title, ParentTask, MaxXP)
VALUES ('C2_SimpleBashUtils', NULL, 250),
       ('C3_StringPlus', 'C2_SimpleBashUtils', 500),
       ('C4_Math', 'C3_StringPlus', 300),
       ('C5_Decimal', 'C4_Math', 350),
       ('C6_Matrix', 'C5_Decimal', 200),
       ('C7_SmartCalc_v1.0', 'C6_Matrix', 500),
       ('C8_3DViewer_v1.0', 'C7_SmartCalc_v1.0', 750),
       ('DO1_Linux', 'C3_StringPlus', 300),
       ('DO2_LinuxNetwork', 'DO1_Linux', 250),
       ('DO3_LinuxMonitoring_v1.0', 'DO2_LinuxNetwork', 350),
       ('DO4_LinuxMonitoring_v2.0', 'DO3_LinuxMonitoring_v1.0', 350),
       ('DO5_SimpleDocker', 'DO4_LinuxMonitoring_v2.0', 300),
       ('DO6_CICD', 'DO5_SimpleDocker', 300),
       ('CPP1_MatrixPlus', 'C8_3DViewer_v1.0', 300),
       ('CPP2_Containers', 'CPP1_MatrixPlus', 350),
       ('CPP3_SmartCalc_v2.0', 'CPP2_Containers', 600),
       ('CPP4_3DViewer_v2.0', 'CPP3_SmartCalc_v2.0', 750),
       ('CPP5_3DViewer_v2.1', 'CPP4_3DViewer_v2.0', 600),
       ('CPP6_3DViewer_v2.2', 'CPP4_3DViewer_v2.0', 800),
       ('CPP7_MLP', 'CPP4_3DViewer_v2.0', 700),
       ('CPP8_PhotoLab_v1.0', 'CPP4_3DViewer_v2.0', 450),
       ('CPP9_MonitoringSystem', 'CPP4_3DViewer_v2.0', 1000),
       ('SQL1_SQL_Boot_camp', 'C8_3DViewer_v1.0', 1500),
       ('SQL2_Info21_v1.0', 'SQL1_SQL_Boot_camp', 500),
       ('SQL3_RetailAnalitycs_v1.0', 'SQL2_Info21_v1.0', 600),
       ('A1_Maze', 'CPP4_3DViewer_v2.0', 300),
       ('A2_SimpleNavigator_v1.0', 'A1_Maze', 400),
       ('A3_Parallels', 'A2_SimpleNavigator_v1.0', 300),
       ('A4_Crypto', 'A2_SimpleNavigator_v1.0', 350),
       ('A5_memory', 'A2_SimpleNavigator_v1.0', 400),
       ('A6_Transactions', 'A2_SimpleNavigator_v1.0', 700),
       ('A7_DNA_Analyzer', 'A2_SimpleNavigator_v1.0', 800),
       ('A8_Algorithmic_trading', 'A2_SimpleNavigator_v1.0', 800);


------------------------------------------
-- Добавление значений в таблицу Checks --
------------------------------------------
INSERT INTO Checks (ID, Peer, Task, "Date")
VALUES (1, 'Deghayra', 'C2_SimpleBashUtils', '2022-09-01'),
       (2, 'Eileangi', 'C2_SimpleBashUtils', '2022-09-01'),
       (3, 'Thonimeo', 'C2_SimpleBashUtils', '2022-09-01'),
       (4, 'Oryadela', 'C2_SimpleBashUtils', '2022-09-01'),
       (5, 'Toriaran', 'C2_SimpleBashUtils', '2022-09-01'),
       (6, 'Jamelstr', 'C2_SimpleBashUtils', '2022-09-01'),
       (7, 'Oryadela', 'C3_StringPlus', '2022-09-10'),
       (8, 'Usicelar', 'C2_SimpleBashUtils', '2022-09-10'),
       (9, 'Tereraya', 'C2_SimpleBashUtils', '2022-09-10'),
       (10, 'Usicelar', 'C3_StringPlus', '2022-09-15'),
       (11, 'Jamelstr', 'C3_StringPlus', '2022-09-15'),
       (12, 'Jobinnne', 'C2_SimpleBashUtils', '2022-09-15'),
       (13, 'Mandreny', 'C2_SimpleBashUtils', '2022-09-15'),
       (14, 'Jobinnne', 'C3_StringPlus', '2022-09-20'),
       (15, 'Toriaran', 'C3_StringPlus', '2022-09-20'),
       (16, 'Dynarini', 'C2_SimpleBashUtils', '2022-09-20'),
       (17, 'Nearache', 'C2_SimpleBashUtils', '2022-09-20'),
       (18, 'Deghayra', 'C3_StringPlus', '2022-09-20'),
       (19, 'Katemede', 'C2_SimpleBashUtils', '2022-09-20'),
       (20, 'Jecugrrl', 'C2_SimpleBashUtils', '2022-09-20'),
       (21, 'Toriaran', 'DO1_Linux', '2022-09-28'),
       (22, 'Deghayra', 'C4_Math', '2022-09-28'),
       (23, 'Toriaran', 'DO1_Linux', '2022-09-29'),
       (24, 'Dynarini', 'C3_StringPlus', '2022-09-29'),
       (25, 'Naunggly', 'C2_SimpleBashUtils', '2022-09-29'),
       (26, 'Nearache', 'C3_StringPlus', '2022-09-29'),
       (27, 'Ponanyli', 'C2_SimpleBashUtils', '2022-09-29'),
       (28, 'Thonimeo', 'C3_StringPlus', '2022-09-29'),
       (29, 'Ucerallb', 'C2_SimpleBashUtils', '2022-09-29'),
       (30, 'Eileangi', 'C3_StringPlus', '2022-09-29'),
       (31, 'Ponanyli', 'C2_SimpleBashUtils', '2022-10-01'),
       (32, 'Naunggly', 'C2_SimpleBashUtils', '2022-10-01'),
       (33, 'Jecugrrl', 'C3_StringPlus', '2022-10-01'),
       (34, 'Mandreny', 'C3_StringPlus', '2022-10-02'),
       (35, 'Jamelstr', 'C4_Math', '2022-10-01'),
       (36, 'Ponanyli', 'C2_SimpleBashUtils', '2022-10-03'),
       (37, 'Eileangi', 'C4_Math', '2022-10-05'),
       (38, 'Thonimeo', 'C4_Math', '2022-10-05'),
       (39, 'Eileangi', 'C4_Math', '2022-10-07'),
       (40, 'Jobinnne', 'C4_Math', '2022-10-07'),
       (41, 'Dynarini', 'C3_StringPlus', '2022-10-07'),
       (42, 'Mandreny', 'C4_Math', '2022-10-07'),
       (43, 'Pararlaf', 'C2_SimpleBashUtils', '2022-10-07'),
       (44, 'Eileangi', 'C5_Decimal', '2022-10-15'),
       (45, 'Ponanyli', 'C3_StringPlus', '2022-10-15'),
       (46, 'Eileangi', 'C5_Decimal', '2022-10-17'),
       (47, 'Oryadela', 'C4_Math', '2022-10-17'),
       (48, 'Tereraya', 'C3_StringPlus', '2022-10-17'),
       (49, 'Ucerallb', 'C3_StringPlus', '2022-10-17'),
       (50, 'Usicelar', 'C4_Math', '2022-10-17'),
       (51, 'Tereraya', 'C3_StringPlus', '2022-10-19'),
       (52, 'Pararlaf', 'C3_StringPlus', '2022-10-19'),
       (53, 'Usicelar', 'C4_Math', '2022-10-19'),
       (54, 'Thonimeo', 'C5_Decimal', '2022-10-19'),
       (55, 'Katemede', 'C3_StringPlus', '2022-10-19'),
       (56, 'Naunggly', 'C3_StringPlus', '2022-10-19'),
       (57, 'Thonimeo', 'C5_Decimal', '2022-10-21'),
       (58, 'Naunggly', 'C3_StringPlus', '2022-10-21'),
       (59, 'Mandreny', 'C5_Decimal', '2022-10-21'),
       (60, 'Thonimeo', 'C5_Decimal', '2022-10-23'),
       (61, 'Toriaran', 'DO2_LinuxNetwork', '2022-10-23'),
       (62, 'Thonimeo', 'C5_Decimal', '2022-10-25'),
       (63, 'Toriaran', 'DO3_LinuxMonitoring_v1.0', '2022-10-29'),
       (64, 'Westagar', 'C2_SimpleBashUtils', '2022-10-29'),
       (65, 'Jobinnne', 'C5_Decimal', '2022-10-29'),
       (66, 'Ucerallb', 'C4_Math', '2022-10-29'),
       (67, 'Tereraya', 'C4_Math', '2022-10-29'),
       (68, 'Katemede', 'C4_Math', '2022-10-29'),
       (69, 'Jamelstr', 'C5_Decimal', '2022-10-29'),
       (70, 'Ponanyli', 'C4_Math', '2022-10-29'),
       (71, 'Jecugrrl', 'C4_Math', '2022-10-29'),
       (72, 'Iemarias', 'C2_SimpleBashUtils', '2022-10-29'),
       (73, 'Deghayra', 'C5_Decimal', '2022-10-29'),
       (74, 'Pararlaf', 'C4_Math', '2022-10-29'),
       (75, 'Ponanyli', 'C4_Math', '2022-11-01'),
       (76, 'Dynarini', 'C4_Math', '2022-11-01'),
       (77, 'Ucerallb', 'C5_Decimal', '2022-11-04'),
       (78, 'Ponanyli', 'C5_Decimal', '2022-11-04'),
       (79, 'Eileangi', 'C6_Matrix', '2022-11-04'),
       (80, 'Tereraya', 'C5_Decimal', '2022-11-04'),
       (81, 'Katemede', 'C4_Math', '2022-11-04'),
       (82, 'Jamelstr', 'C6_Matrix', '2022-11-04'),
       (83, 'Mandreny', 'C6_Matrix', '2022-11-04'),
       (84, 'Ponanyli', 'C5_Decimal', '2022-11-06'),
       (85, 'Nearache', 'C4_Math', '2022-11-06'),
       (86, 'Naunggly', 'C4_Math', '2022-11-06'),
       (87, 'Tereraya', 'C5_Decimal', '2022-11-06'),
       (88, 'Toriaran', 'DO4_LinuxMonitoring_v2.0', '2022-11-06'),
       (89, 'Mandreny', 'C6_Matrix', '2022-11-06'),
       (90, 'Deghayra', 'C6_Matrix', '2022-11-06'),
       (91, 'Iemarias', 'C3_StringPlus', '2022-11-06'),
       (92, 'Pararlaf', 'C5_Decimal', '2022-11-06'),
       (93, 'Naunggly', 'C4_Math', '2022-11-09'),
       (94, 'Ucerallb', 'C6_Matrix', '2022-11-09'),
       (95, 'Toriaran', 'DO5_SimpleDocker', '2022-11-15'),
       (96, 'Thonimeo', 'C6_Matrix', '2022-11-15'),
       (97, 'Nearache', 'C5_Decimal', '2022-11-15'),
       (98, 'Katemede', 'C5_Decimal', '2022-11-15'),
       (99, 'Jamelstr', 'C7_SmartCalc_v1.0', '2022-11-18'),
       (100, 'Iemarias', 'DO1_Linux', '2022-11-18'),
       (101, 'Mandreny', 'C7_SmartCalc_v1.0', '2022-11-18'),
       (102, 'Jobinnne', 'C6_Matrix', '2022-11-18'),
       (103, 'Naunggly', 'DO1_Linux', '2022-11-18'),
       (104, 'Katemede', 'C5_Decimal', '2022-11-18'),
       (105, 'Jamelstr', 'C7_SmartCalc_v1.0', '2022-11-20'),
       (106, 'Toriaran', 'DO6_CICD', '2022-11-20'),
       (107, 'Katemede', 'C5_Decimal', '2022-11-20'),
       (108, 'Tereraya', 'C6_Matrix', '2022-11-20'),
       (109, 'Jobinnne', 'C6_Matrix', '2022-11-20'),
       (110, 'Jamelstr', 'C7_SmartCalc_v1.0', '2022-11-23'),
       (111, 'Mandreny', 'C8_3DViewer_v1.0', '2022-11-25'),
       (112, 'Deghayra', 'C7_SmartCalc_v1.0', '2022-11-25'),
       (113, 'Toriaran', 'C4_Math', '2022-11-26'),
       (114, 'Jamelstr', 'C8_3DViewer_v1.0', '2022-11-30'),
       (115, 'Jamelstr', 'CPP1_MatrixPlus', '2023-01-15'),
       (116, 'Toriaran', 'C4_Math', '2023-02-20'),
       (117, 'Eileangi', 'C7_SmartCalc_v1.0', '2023-02-24'),
       (118, 'Eileangi', 'C7_SmartCalc_v1.0', '2023-02-24');

---------------------------------------
-- Добавление значений в таблицу P2P --
---------------------------------------
INSERT INTO P2P (id, "Check", CheckingPeer, State, "Time")
VALUES
(1, 1, 'Ponanyli', 'Start', '12:26'),
(2, 1, 'Ponanyli', 'Success', '12:35'),
(3, 2, 'Ucerallb', 'Start', '12:40'),
(4, 2, 'Ucerallb', 'Success', '13:03'),
(5, 3, 'Katemede', 'Start', '13:40'),
(6, 3, 'Katemede', 'Success', '13:54'),
(7, 4, 'Ucerallb', 'Start', '13:55'),
(8, 4, 'Ucerallb', 'Success', '14:10'),
(9, 5, 'Naunggly', 'Start', '14:14'),
(10, 5, 'Naunggly', 'Success', '14:25'),
(11, 6, 'Katemede', 'Start', '14:30'),
(12, 6, 'Katemede', 'Success', '14:48'),
(13, 7, 'Mandreny', 'Start', '14:50'),
(14, 7, 'Mandreny', 'Success', '15:04'),
(15, 8, 'Westagar', 'Start', '15:34'),
(16, 8, 'Westagar', 'Success', '15:50'),
(17, 9, 'Toriaran', 'Start', '15:58'),
(18, 9, 'Toriaran', 'Success', '16:10'),
(19, 10, 'Jobinnne', 'Start', '16:10'),
(20, 10, 'Jobinnne', 'Success', '16:30'),
(21, 11, 'Mandreny', 'Start', '16:30'),
(22, 11, 'Mandreny', 'Success', '16:45'),
(23, 12, 'Dynarini', 'Start', '16:45'),
(24, 12, 'Dynarini', 'Success', '17:00'),
(25, 13, 'Naunggly', 'Start', '17:00'),
(26, 13, 'Naunggly', 'Success', '17:34'),
(27, 14, 'Thonimeo', 'Start', '12:00'),
(28, 14, 'Thonimeo', 'Success', '12:17'),
(29, 15, 'Oryadela', 'Start', '12:20'),
(30, 15, 'Oryadela', 'Success', '12:40'),
(31, 16, 'Jobinnne', 'Start', '12:50'),
(32, 16, 'Jobinnne', 'Success', '13:08'),
(33, 17, 'Mandreny', 'Start', '13:08'),
(34, 17, 'Mandreny', 'Success', '13:25'),
(35, 18, 'Westagar', 'Start', '13:25'),
(36, 18, 'Westagar', 'Success', '13:38'),
(37, 19, 'Oryadela', 'Start', '13:38'),
(38, 19, 'Oryadela', 'Success', '13:58'),
(39, 20, 'Naunggly', 'Start', '13:58'),
(40, 20, 'Naunggly', 'Success', '14:20'),
(41, 21, 'Katemede', 'Start', '12:58'),
(42, 21, 'Katemede', 'Failure', '13:40'),
(43, 22, 'Jobinnne', 'Start', '13:40'),
(44, 22, 'Jobinnne', 'Success', '14:00'),
(45, 23, 'Katemede', 'Start', '13:40'),
(46, 23, 'Katemede', 'Success', '14:00'),
(47, 24, 'Westagar', 'Start', '14:00'),
(48, 24, 'Westagar', 'Failure', '14:25'),
(49, 25, 'Deghayra', 'Start', '14:25'),
(50, 25, 'Deghayra', 'Failure', '14:50'),
(51, 26, 'Usicelar', 'Start', '14:50'),
(52, 26, 'Usicelar', 'Success', '15:10'),
(53, 27, 'Mandreny', 'Start', '15:10'),
(54, 27, 'Mandreny', 'Failure', '15:25'),
(55, 28, 'Westagar', 'Start', '15:25'),
(56, 28, 'Westagar', 'Success', '15:40'),
(57, 29, 'Thonimeo', 'Start', '15:40'),
(58, 29, 'Thonimeo', 'Success', '15:59'),
(59, 30, 'Tereraya', 'Start', '15:59'),
(60, 30, 'Tereraya', 'Success', '16:20'),
(61, 31, 'Dynarini', 'Start', '12:00'),
(62, 31, 'Dynarini', 'Failure', '12:20'),
(63, 32, 'Eileangi', 'Start', '12:20'),
(64, 32, 'Eileangi', 'Success', '12:45'),
(65, 33, 'Iemarias', 'Start', '12:45'),
(66, 33, 'Iemarias', 'Success', '12:59'),
(67, 34, 'Thonimeo', 'Start', '13:10'),
(68, 34, 'Thonimeo', 'Success', '13:28'),
(69, 35, 'Ucerallb', 'Start', '13:28'),
(70, 35, 'Ucerallb', 'Success', '13:47'),
(71, 36, 'Jamelstr', 'Start', '12:28'),
(72, 36, 'Jamelstr', 'Success', '12:50'),
(73, 37, 'Mandreny', 'Start', '12:40'),
(74, 37, 'Mandreny', 'Failure', '13:00'),
(75, 38, 'Iemarias', 'Start', '13:00'),
(76, 38, 'Iemarias', 'Success', '13:40'),
(77, 39, 'Pararlaf', 'Start', '12:00'),
(78, 39, 'Pararlaf', 'Success', '12:18'),
(79, 40, 'Nearache', 'Start', '12:20'),
(80, 40, 'Nearache', 'Success', '12:40'),
(81, 41, 'Jamelstr', 'Start', '12:45'),
(82, 41, 'Jamelstr', 'Success', '13:10'),
(83, 42, 'Eileangi', 'Start', '13:10'),
(84, 42, 'Eileangi', 'Success', '13:34'),
(85, 43, 'Jamelstr', 'Start', '13:34'),
(86, 43, 'Jamelstr', 'Success', '13:56'),
(87, 44, 'Oryadela', 'Start', '12:34'),
(88, 44, 'Oryadela', 'Failure', '12:50'),
(89, 45, 'Westagar', 'Start', '12:50'),
(90, 45, 'Westagar', 'Success', '13:15'),
(91, 46, 'Iemarias', 'Start', '12:25'),
(92, 46, 'Iemarias', 'Success', '12:40'),
(93, 47, 'Pararlaf', 'Start', '12:40'),
(94, 47, 'Pararlaf', 'Success', '12:59'),
(95, 48, 'Nearache', 'Start', '12:59'),
(96, 48, 'Nearache', 'Success', '13:24'),
(97, 49, 'Katemede', 'Start', '13:30'),
(98, 49, 'Katemede', 'Success', '13:56'),
(99, 50, 'Dynarini', 'Start', '13:58'),
(100, 50, 'Dynarini', 'Success', '14:15'),
(101, 51, 'Jobinnne', 'Start', '12:00'),
(102, 51, 'Jobinnne', 'Success', '12:15'),
(103, 52, 'Westagar', 'Start', '12:20'),
(104, 52, 'Westagar', 'Success', '12:40'),
(105, 53, 'Dynarini', 'Start', '13:00'),
(106, 53, 'Dynarini', 'Success', '13:27'),
(107, 54, 'Ucerallb', 'Start', '13:30'),
(108, 54, 'Ucerallb', 'Failure', '13:46'),
(109, 55, 'Oryadela', 'Start', '13:50'),
(110, 55, 'Oryadela', 'Success', '14:10'),
(111, 56, 'Jobinnne', 'Start', '14:20'),
(112, 56, 'Jobinnne', 'Success', '14:39'),
(113, 57, 'Iemarias', 'Start', '14:40'),
(114, 57, 'Iemarias', 'Success', '14:59'),
(115, 58, 'Thonimeo', 'Start', '15:20'),
(116, 58, 'Thonimeo', 'Success', '15:45'),
(117, 59, 'Nearache', 'Start', '15:45'),
(118, 59, 'Nearache', 'Success', '15:59'),
(119, 60, 'Jobinnne', 'Start', '12:00'),
(120, 60, 'Jobinnne', 'Success', '12:25'),
(121, 61, 'Katemede', 'Start', '12:30'),
(122, 61, 'Katemede', 'Success', '13:20'),
(123, 62, 'Nearache', 'Start', '12:20'),
(124, 62, 'Nearache', 'Success', '12:55'),
(125, 63, 'Iemarias', 'Start', '13:00'),
(126, 63, 'Iemarias', 'Success', '13:54'),
(127, 64, 'Toriaran', 'Start', '13:00'),
(128, 64, 'Toriaran', 'Failure', '13:54'),
(129, 65, 'Jamelstr', 'Start', '14:00'),
(130, 65, 'Jamelstr', 'Success', '14:32'),
(131, 66, 'Westagar', 'Start', '14:40'),
(132, 66, 'Westagar', 'Success', '15:00'),
(133, 67, 'Iemarias', 'Start', '15:10'),
(134, 67, 'Iemarias', 'Success', '15:30'),
(135, 68, 'Usicelar', 'Start', '15:30'),
(136, 68, 'Usicelar', 'Success', '15:57'),
(137, 69, 'Jecugrrl', 'Start', '15:59'),
(138, 69, 'Jecugrrl', 'Success', '16:24'),
(139, 70, 'Nearache', 'Start', '16:30'),
(140, 70, 'Nearache', 'Failure', '16:43'),
(141, 71, 'Deghayra', 'Start', '16:50'),
(142, 71, 'Deghayra', 'Failure', '17:10'),
(143, 72, 'Jamelstr', 'Start', '17:15'),
(144, 72, 'Jamelstr', 'Success', '17:40'),
(145, 73, 'Eileangi', 'Start', '17:50'),
(146, 73, 'Eileangi', 'Success', '18:10'),
(147, 74, 'Jamelstr', 'Start', '18:20'),
(148, 74, 'Jamelstr', 'Success', '18:55'),
(149, 75, 'Jecugrrl', 'Start', '12:20'),
(150, 75, 'Jecugrrl', 'Success', '12:35'),
(151, 76, 'Naunggly', 'Start', '12:40'),
(152, 76, 'Naunggly', 'Success', '13:03'),
(153, 77, 'Ponanyli', 'Start', '12:00'),
(154, 77, 'Ponanyli', 'Success', '12:34'),
(155, 78, 'Westagar', 'Start', '12:40'),
(156, 78, 'Westagar', 'Success', '13:00'),
(157, 79, 'Katemede', 'Start', '13:10'),
(158, 79, 'Katemede', 'Success', '13:50'),
(159, 80, 'Eileangi', 'Start', '13:55'),
(160, 80, 'Eileangi', 'Failure', '14:10'),
(161, 80, 'Toriaran', 'Start', '13:55'),
(162, 80, 'Toriaran', 'Failure', '14:10'),
(163, 81, 'Thonimeo', 'Start', '14:15'),
(164, 81, 'Thonimeo', 'Success', '14:34'),
(165, 82, 'Toriaran', 'Start', '14:40'),
(166, 82, 'Toriaran', 'Success', '14:58'),
(167, 83, 'Ponanyli', 'Start', '15:00'),
(168, 83, 'Ponanyli', 'Failure', '15:32'),
(169, 84, 'Oryadela', 'Start', '12:40'),
(170, 84, 'Oryadela', 'Success', '12:59'),
(171, 85, 'Thonimeo', 'Start', '13:00'),
(172, 85, 'Thonimeo', 'Success', '13:24'),
(173, 86, 'Ponanyli', 'Start', '13:30'),
(174, 86, 'Ponanyli', 'Success', '13:43'),
(175, 87, 'Naunggly', 'Start', '13:50'),
(176, 87, 'Naunggly', 'Success', '14:10'),
(177, 88, 'Iemarias', 'Start', '14:20'),
(178, 88, 'Iemarias', 'Success', '14:59'),
(179, 89, 'Jobinnne', 'Start', '15:00'),
(180, 89, 'Jobinnne', 'Success', '15:25'),
(181, 90, 'Toriaran', 'Start', '15:30'),
(182, 90, 'Toriaran', 'Success', '15:47'),
(183, 91, 'Jamelstr', 'Start', '15:50'),
(184, 91, 'Jamelstr', 'Success', '16:10'),
(185, 92, 'Toriaran', 'Start', '16:20'),
(186, 92, 'Toriaran', 'Failure', '16:40'),
(187, 93, 'Jecugrrl', 'Start', '12:20'),
(188, 93, 'Jecugrrl', 'Success', '12:44'),
(189, 94, 'Nearache', 'Start', '12:50'),
(190, 94, 'Nearache', 'Failure', '13:10'),
(191, 95, 'Ponanyli', 'Start', '12:55'),
(192, 95, 'Ponanyli', 'Success', '13:32'),
(193, 96, 'Katemede', 'Start', '13:40'),
(194, 96, 'Katemede', 'Success', '13:57'),
(195, 97, 'Westagar', 'Start', '13:59'),
(196, 97, 'Westagar', 'Success', '14:15'),
(197, 98, 'Pararlaf', 'Start', '14:20'),
(198, 98, 'Pararlaf', 'Failure', '14:34'),
(199, 99, 'Naunggly', 'Start', '12:20'),
(200, 99, 'Naunggly', 'Failure', '12:40'),
(201, 100, 'Katemede', 'Start', '12:45'),
(202, 100, 'Katemede', 'Failure', '13:00'),
(203, 101, 'Jamelstr', 'Start', '13:10'),
(204, 101, 'Jamelstr', 'Success', '13:50'),
(205, 102, 'Westagar', 'Start', '13:55'),
(206, 102, 'Westagar', 'Success', '14:10'),
(207, 103, 'Oryadela', 'Start', '14:15'),
(208, 103, 'Oryadela', 'Success', '14:40'),
(209, 104, 'Nearache', 'Start', '14:45'),
(210, 104, 'Nearache', 'Success', '15:00'),
(211, 105, 'Naunggly', 'Start', '12:00'),
(212, 105, 'Naunggly', 'Failure', '12:30'),
(213, 106, 'Pararlaf', 'Start', '12:40'),
(214, 106, 'Pararlaf', 'Success', '13:00'),
(215, 107, 'Usicelar', 'Start', '13:10'),
(216, 107, 'Usicelar', 'Success', '13:43'),
(217, 108, 'Dynarini', 'Start', '13:50'),
(218, 108, 'Dynarini', 'Success', '14:10'),
(219, 109, 'Ponanyli', 'Start', '14:20'),
(220, 109, 'Ponanyli', 'Success', '14:43'),
(221, 110, 'Iemarias', 'Start', '12:20'),
(222, 110, 'Iemarias', 'Success', '12:43'),
(223, 111, 'Pararlaf', 'Start', '12:30'),
(224, 111, 'Pararlaf', 'Success', '12:55'),
(225, 112, 'Jamelstr', 'Start', '12:56'),
(226, 112, 'Jamelstr', 'Failure', '13:20'),
(227, 113, 'Nearache', 'Start', '13:25'),
(228, 113, 'Nearache', 'Success', '13:50'),
(229, 114, 'Usicelar', 'Start', '12:25'),
(230, 114, 'Usicelar', 'Success', '12:50'),
(231, 115, 'Deghayra', 'Start', '13:10'),
(232, 115, 'Deghayra', 'Failure', '13:53'),
(233, 116, 'Ucerallb', 'Start', '10:10'),
(234, 116, 'Ucerallb', 'Success', '10:12'),
(235, 117, 'Pararlaf', 'Start', '10:10'),
(236, 117, 'Pararlaf', 'Failure', '10:50'),
(237, 118, 'Nearache', 'Start', '15:10'),
(238, 118, 'Nearache', 'Success', '16:05');




------------------------------------------
-- Добавление значений в таблицу Verter --
------------------------------------------
INSERT INTO Verter (id, "Check", State, "Time")
VALUES (1, 1, 'Start', '12:35'),
       (2, 1, 'Success', '12:36'),
       (3, 2, 'Start', '13:03'),
       (4, 2, 'Success', '13:04'),
       (5, 3, 'Start', '13:54'),
       (6, 3, 'Success', '13:55'),
       (7, 4, 'Start', '14:10'),
       (8, 4, 'Success', '14:11'),
       (9, 5, 'Start', '14:25'),
       (10, 5, 'Success', '14:26'),
       (11, 6, 'Start', '14:48'),
       (12, 6, 'Success', '14:49'),
       (13, 7, 'Start', '15:04'),
       (14, 7, 'Success', '15:05'),
       (15, 8, 'Start', '15:50'),
       (16, 8, 'Success', '15:51'),
       (17, 9, 'Start', '16:10'),
       (18, 9, 'Success', '16:11'),
       (19, 10, 'Start', '16:30'),
       (20, 10, 'Success', '16:31'),
       (21, 11, 'Start', '16:45'),
       (22, 11, 'Success', '16:46'),
       (23, 12, 'Start', '17:00'),
       (24, 12, 'Success', '17:01'),
       (25, 13, 'Start', '17:34'),
       (26, 13, 'Success', '17:35'),
       (27, 14, 'Start', '12:17'),
       (28, 14, 'Success', '12:18'),
       (29, 15, 'Start', '12:40'),
       (30, 15, 'Success', '12:41'),
       (31, 16, 'Start', '13:08'),
       (32, 16, 'Success', '13:09'),
       (33, 17, 'Start', '13:25'),
       (34, 17, 'Success', '13:26'),
       (35, 18, 'Start', '13:38'),
       (36, 18, 'Success', '13:39'),
       (37, 19, 'Start', '13:58'),
       (38, 19, 'Success', '13:59'),
       (39, 20, 'Start', '14:20'),
       (40, 20, 'Success', '14:21'),
       (41, 22, 'Start', '14:00'),
       (42, 22, 'Success', '14:01'),
       (43, 26, 'Start', '15:10'),
       (44, 26, 'Success', '15:11'),
       (45, 28, 'Start', '15:40'),
       (46, 28, 'Success', '15:41'),
       (47, 29, 'Start', '15:59'),
       (48, 29, 'Success', '16:00'),
       (49, 30, 'Start', '16:20'),
       (50, 30, 'Success', '16:21'),
       (51, 32, 'Start', '12:45'),
       (52, 32, 'Success', '12:46'),
       (53, 33, 'Start', '12:59'),
       (54, 33, 'Success', '13:00'),
       (55, 34, 'Start', '13:28'),
       (56, 34, 'Success', '13:29'),
       (57, 35, 'Start', '13:47'),
       (58, 35, 'Success', '13:48'),
       (59, 36, 'Start', '12:50'),
       (60, 36, 'Success', '12:51'),
       (61, 38, 'Start', '13:40'),
       (62, 38, 'Success', '13:41'),
       (63, 39, 'Start', '12:18'),
       (64, 39, 'Success', '12:19'),
       (65, 40, 'Start', '12:40'),
       (66, 40, 'Success', '12:41'),
       (67, 41, 'Start', '13:10'),
       (68, 41, 'Success', '13:11'),
       (69, 42, 'Start', '13:34'),
       (70, 42, 'Success', '13:35'),
       (71, 43, 'Start', '13:56'),
       (72, 43, 'Success', '13:57'),
       (73, 45, 'Start', '13:15'),
       (74, 45, 'Success', '13:16'),
       (75, 46, 'Start', '12:40'),
       (76, 46, 'Success', '12:41'),
       (77, 47, 'Start', '12:59'),
       (78, 47, 'Success', '13:00'),
       (79, 48, 'Start', '13:24'),
       (80, 48, 'Failure', '13:25'),
       (81, 49, 'Start', '13:56'),
       (82, 49, 'Success', '13:57'),
       (83, 50, 'Start', '14:15'),
       (84, 50, 'Failure', '14:16'),
       (85, 51, 'Start', '12:15'),
       (86, 51, 'Success', '12:16'),
       (87, 52, 'Start', '12:40'),
       (88, 52, 'Success', '12:41'),
       (89, 53, 'Start', '13:27'),
       (90, 53, 'Success', '13:28'),
       (91, 54, 'Start', '13:46'),
       (92, 54, 'Failure', '13:47'),
       (93, 55, 'Start', '14:10'),
       (94, 55, 'Success', '14:11'),
       (95, 56, 'Start', '14:40'),
       (96, 56, 'Failure', '14:39'),
       (97, 57, 'Start', '14:59'),
       (98, 57, 'Failure', '15:00'),
       (99, 58, 'Start', '15:45'),
       (100, 58, 'Success', '15:46'),
       (101, 59, 'Start', '15:59'),
       (102, 59, 'Success', '16:00'),
       (103, 60, 'Start', '12:25'),
       (104, 60, 'Failure', '12:26'),
       (105, 62, 'Start', '12:55'),
       (106, 62, 'Success', '12:56'),
       (107, 65, 'Start', '14:32'),
       (108, 65, 'Success', '14:33'),
       (109, 66, 'Start', '15:00'),
       (110, 66, 'Success', '15:01'),
       (111, 67, 'Start', '15:30'),
       (112, 67, 'Success', '15:31'),
       (113, 68, 'Start', '15:57'),
       (114, 68, 'Failure', '15:58'),
       (115, 69, 'Start', '16:24'),
       (116, 69, 'Success', '16:25'),
       (117, 72, 'Start', '17:40'),
       (118, 72, 'Success', '17:41'),
       (119, 73, 'Start', '18:10'),
       (120, 73, 'Success', '18:11'),
       (121, 74, 'Start', '18:55'),
       (122, 74, 'Success', '18:56'),
       (123, 75, 'Start', '12:35'),
       (124, 75, 'Success', '12:36'),
       (125, 76, 'Start', '13:03'),
       (126, 76, 'Success', '13:04'),
       (127, 77, 'Start', '12:34'),
       (128, 77, 'Success', '12:35'),
       (129, 78, 'Start', '13:00'),
       (130, 78, 'Failure', '13:01'),
       (131, 79, 'Start', '13:50'),
       (132, 79, 'Success', '13:51'),
       (133, 81, 'Start', '14:34'),
       (134, 81, 'Success', '14:35'),
       (135, 82, 'Start', '14:58'),
       (136, 82, 'Success', '14:59'),
       (137, 84, 'Start', '12:59'),
       (138, 84, 'Success', '13:00'),
       (139, 85, 'Start', '13:24'),
       (140, 85, 'Success', '13:25'),
       (141, 86, 'Start', '13:43'),
       (142, 86, 'Failure', '13:44'),
       (143, 87, 'Start', '14:10'),
       (144, 87, 'Success', '14:11'),
       (145, 89, 'Start', '15:25'),
       (146, 89, 'Success', '15:26'),
       (147, 90, 'Start', '15:47'),
       (148, 90, 'Success', '15:48'),
       (149, 91, 'Start', '16:10'),
       (150, 91, 'Success', '16:11'),
       (151, 93, 'Start', '12:44'),
       (152, 93, 'Success', '12:45'),
       (153, 96, 'Start', '13:57'),
       (154, 96, 'Success', '13:58'),
       (155, 97, 'Start', '14:15'),
       (156, 97, 'Success', '14:16'),
       (205, 102, 'Start', '14:10'),
       (206, 102, 'Failure', '14:11'),
       (209, 104, 'Start', '15:00'),
       (210, 104, 'Failure', '15:01'),
       (215, 107, 'Start', '13:43'),
       (216, 107, 'Success', '13:44'),
       (217, 108, 'Start', '14:10'),
       (218, 108, 'Success', '14:11'),
       (219, 109, 'Start', '14:43'),
       (220, 109, 'Success', '14:44'),
       (227, 113, 'Start', '13:50'),
       (228, 113, 'Failure', '13:51'),
       (233, 116, 'Start', '10:12'),
       (234, 116, 'Success', '10:13');


------------------------------------------
-- Добавление значений в таблицу Friends --
-------------------------------------------
INSERT INTO Friends (id, Peer1, Peer2)
VALUES (1, 'Pararlaf', 'Tereraya'),
       (2, 'Nearache', 'Iemarias'),
       (3, 'Oryadela', 'Jamelstr'),
       (4, 'Thonimeo', 'Dynarini'),
       (5, 'Toriaran', 'Jamelstr'),
       (6, 'Jobinnne', 'Mandreny'),
       (7, 'Ponanyli', 'Usicelar'),
       (8, 'Tereraya', 'Ucerallb');

---------------------------------------------------
-- Добавление значений в таблицу Recommendations --
---------------------------------------------------
INSERT INTO Recommendations (id, Peer, RecommendedPeer)
VALUES (1, 'Toriaran', 'Naunggly'),
       (2, 'Dynarini', 'Thonimeo'),
       (3, 'Dynarini', 'Pararlaf'),
       (4, 'Usicelar', 'Iemarias'),
       (5, 'Mandreny', 'Naunggly'),
       (6, 'Mandreny', 'Katemede'),
       (7, 'Pararlaf', 'Toriaran');

------------------------------------------------
-- Добавление значений в таблицу TimeTracking --
------------------------------------------------
INSERT INTO TimeTracking (id, Peer, "Date", "Time", State)
VALUES (1, 'Deghayra', '2022-09-01', '10:26:00', 1),
       (2, 'Deghayra', '2022-09-01', '21:35:00', 2),
       (3, 'Eileangi', '2022-09-01', '10:40:00', 1),
       (4, 'Eileangi', '2022-09-01', '22:03:00', 2),
       (5, 'Thonimeo', '2022-09-01', '09:40:00', 1),
       (6, 'Thonimeo', '2022-09-01', '19:54:00', 2),
       (7, 'Oryadela', '2022-09-01', '10:55:00', 1),
       (8, 'Oryadela', '2022-09-01', '16:10:00', 2),
       (9, 'Toriaran', '2022-09-01', '10:14:00', 1),
       (10, 'Toriaran', '2022-09-01', '16:25:00', 2),
       (11, 'Jamelstr', '2022-09-01', '12:30:00', 1),
       (12, 'Jamelstr', '2022-09-01', '18:48:00', 2),
       (13, 'Oryadela', '2022-09-10', '10:50:00', 1),
       (14, 'Oryadela', '2022-09-10', '19:04:00', 2),
       (15, 'Usicelar', '2022-09-10', '11:34:00', 1),
       (16, 'Usicelar', '2022-09-10', '19:50:00', 2),
       (17, 'Tereraya', '2022-09-10', '10:58:00', 1),
       (18, 'Tereraya', '2022-09-10', '20:10:00', 2),
       (19, 'Usicelar', '2022-09-15', '10:10:00', 1),
       (20, 'Usicelar', '2022-09-15', '18:30:00', 2),
       (21, 'Jamelstr', '2022-09-15', '12:30:00', 1),
       (22, 'Jamelstr', '2022-09-15', '22:45:00', 2),
       (23, 'Jobinnne', '2022-09-15', '10:45:00', 1),
       (24, 'Jobinnne', '2022-09-15', '19:00:00', 2),
       (25, 'Mandreny', '2022-09-15', '11:00:00', 1),
       (26, 'Mandreny', '2022-09-15', '23:34:00', 2),
       (27, 'Jobinnne', '2022-09-20', '08:00:00', 1),
       (28, 'Jobinnne', '2022-09-20', '15:17:00', 2),
       (29, 'Toriaran', '2022-09-20', '11:20:00', 1),
       (30, 'Toriaran', '2022-09-20', '20:40:00', 2),
       (31, 'Dynarini', '2022-09-20', '11:50:00', 1),
       (32, 'Dynarini', '2022-09-20', '15:08:00', 2),
       (33, 'Nearache', '2022-09-20', '11:08:00', 1),
       (34, 'Nearache', '2022-09-20', '15:25:00', 2),
       (35, 'Deghayra', '2022-09-20', '10:25:00', 1),
       (36, 'Deghayra', '2022-09-20', '19:38:00', 2),
       (37, 'Katemede', '2022-09-20', '11:38:00', 1),
       (38, 'Katemede', '2022-09-20', '19:58:00', 2),
       (39, 'Jecugrrl', '2022-09-20', '13:58:00', 1),
       (40, 'Jecugrrl', '2022-09-20', '14:20:00', 2),
       (41, 'Toriaran', '2022-09-28', '11:58:00', 1),
       (42, 'Toriaran', '2022-09-28', '20:40:00', 2),
       (43, 'Deghayra', '2022-09-28', '11:40:00', 1),
       (44, 'Deghayra', '2022-09-28', '18:00:00', 2),
       (45, 'Toriaran', '2022-09-29', '10:40:00', 1),
       (46, 'Toriaran', '2022-09-29', '19:00:00', 2),
       (47, 'Dynarini', '2022-09-29', '05:00:00', 1),
       (48, 'Dynarini', '2022-09-29', '15:25:00', 2),
       (49, 'Naunggly', '2022-09-29', '13:25:00', 1),
       (50, 'Naunggly', '2022-09-29', '18:50:00', 2),
       (51, 'Nearache', '2022-09-29', '10:50:00', 1),
       (52, 'Nearache', '2022-09-29', '21:10:00', 2),
       (53, 'Ponanyli', '2022-09-29', '10:10:00', 1),
       (54, 'Ponanyli', '2022-09-29', '16:25:00', 2),
       (55, 'Thonimeo', '2022-09-29', '14:25:00', 1),
       (56, 'Thonimeo', '2022-09-29', '19:40:00', 2),
       (57, 'Ucerallb', '2022-09-29', '10:40:00', 1),
       (58, 'Ucerallb', '2022-09-29', '18:59:00', 2),
       (59, 'Eileangi', '2022-09-29', '10:59:00', 1),
       (60, 'Eileangi', '2022-09-29', '20:20:00', 2),
       (61, 'Ponanyli', '2022-10-01', '10:00:00', 1),
       (62, 'Ponanyli', '2022-10-01', '16:20:00', 2),
       (63, 'Naunggly', '2022-10-01', '10:20:00', 1),
       (64, 'Naunggly', '2022-10-01', '16:45:00', 2),
       (65, 'Jecugrrl', '2022-10-01', '10:45:00', 1),
       (66, 'Jecugrrl', '2022-10-01', '18:59:00', 2),
       (67, 'Mandreny', '2022-10-01', '10:10:00', 1),
       (68, 'Mandreny', '2022-10-01', '18:28:00', 2),
       (69, 'Jamelstr', '2022-10-01', '12:28:00', 1),
       (70, 'Jamelstr', '2022-10-01', '19:47:00', 2),
       (71, 'Ponanyli', '2022-10-03', '10:28:00', 1),
       (72, 'Ponanyli', '2022-10-03', '23:50:00', 2),
       (73, 'Eileangi', '2022-10-05', '10:40:00', 1),
       (74, 'Eileangi', '2022-10-05', '18:00:00', 2),
       (75, 'Thonimeo', '2022-10-05', '09:00:00', 1),
       (76, 'Thonimeo', '2022-10-05', '15:40:00', 2),
       (77, 'Eileangi', '2022-10-07', '11:00:00', 1),
       (78, 'Eileangi', '2022-10-07', '18:18:00', 2),
       (79, 'Jobinnne', '2022-10-07', '08:20:00', 1),
       (80, 'Jobinnne', '2022-10-07', '15:40:00', 2),
       (81, 'Dynarini', '2022-10-07', '10:45:00', 1),
       (82, 'Dynarini', '2022-10-07', '17:10:00', 2),
       (83, 'Mandreny', '2022-10-07', '11:10:00', 1),
       (84, 'Mandreny', '2022-10-07', '19:34:00', 2),
       (85, 'Pararlaf', '2022-10-07', '11:34:00', 1),
       (86, 'Pararlaf', '2022-10-07', '22:56:00', 2),
       (87, 'Eileangi', '2022-10-15', '11:34:00', 1),
       (88, 'Eileangi', '2022-10-15', '16:50:00', 2),
       (89, 'Ponanyli', '2022-10-15', '10:50:00', 1),
       (90, 'Ponanyli', '2022-10-15', '19:15:00', 2),
       (91, 'Eileangi', '2022-10-17', '11:25:00', 1),
       (92, 'Eileangi', '2022-10-17', '17:40:00', 2),
       (93, 'Oryadela', '2022-10-17', '08:40:00', 1),
       (94, 'Oryadela', '2022-10-17', '17:59:00', 2),
       (95, 'Tereraya', '2022-10-17', '06:59:00', 1),
       (96, 'Tereraya', '2022-10-17', '15:24:00', 2),
       (97, 'Ucerallb', '2022-10-17', '11:30:00', 1),
       (98, 'Ucerallb', '2022-10-17', '18:56:00', 2),
       (99, 'Usicelar', '2022-10-17', '11:58:00', 1),
       (100, 'Usicelar', '2022-10-17', '19:15:00', 2),
       (101, 'Tereraya', '2022-10-19', '10:00:00', 1),
       (102, 'Tereraya', '2022-10-19', '21:15:00', 2),
       (103, 'Pararlaf', '2022-10-19', '10:20:00', 1),
       (104, 'Pararlaf', '2022-10-19', '16:40:00', 2),
       (105, 'Usicelar', '2022-10-19', '11:00:00', 1),
       (106, 'Usicelar', '2022-10-19', '18:27:00', 2),
       (107, 'Thonimeo', '2022-10-19', '09:30:00', 1),
       (108, 'Thonimeo', '2022-10-19', '19:46:00', 2),
       (109, 'Katemede', '2022-10-19', '10:50:00', 1),
       (110, 'Katemede', '2022-10-19', '18:10:00', 2),
       (111, 'Naunggly', '2022-10-19', '11:20:00', 1),
       (112, 'Naunggly', '2022-10-19', '16:39:00', 2),
       (113, 'Thonimeo', '2022-10-21', '10:40:00', 1),
       (114, 'Thonimeo', '2022-10-21', '19:59:00', 2),
       (115, 'Naunggly', '2022-10-21', '07:20:00', 1),
       (116, 'Naunggly', '2022-10-21', '20:45:00', 2),
       (117, 'Mandreny', '2022-10-21', '10:45:00', 1),
       (118, 'Mandreny', '2022-10-21', '18:59:00', 2),
       (119, 'Thonimeo', '2022-10-23', '10:00:00', 1),
       (120, 'Thonimeo', '2022-10-23', '18:25:00', 2),
       (121, 'Toriaran', '2022-10-23', '08:30:00', 1),
       (122, 'Toriaran', '2022-10-23', '19:20:00', 2),
       (123, 'Thonimeo', '2022-10-25', '11:20:00', 1),
       (124, 'Thonimeo', '2022-10-25', '15:55:00', 2),
       (125, 'Toriaran', '2022-10-29', '10:00:00', 1),
       (126, 'Toriaran', '2022-10-29', '20:54:00', 2),
       (127, 'Westagar', '2022-10-29', '07:00:00', 1),
       (128, 'Westagar', '2022-10-29', '16:54:00', 2),
       (129, 'Jobinnne', '2022-10-29', '10:00:00', 1),
       (130, 'Jobinnne', '2022-10-29', '19:32:00', 2),
       (131, 'Ucerallb', '2022-10-29', '10:40:00', 1),
       (132, 'Ucerallb', '2022-10-29', '19:00:00', 2),
       (133, 'Tereraya', '2022-10-29', '10:10:00', 1),
       (134, 'Tereraya', '2022-10-29', '19:30:00', 2),
       (135, 'Katemede', '2022-10-29', '11:30:00', 1),
       (136, 'Katemede', '2022-10-29', '21:57:00', 2),
       (137, 'Jamelstr', '2022-10-29', '06:59:00', 1),
       (138, 'Jamelstr', '2022-10-29', '19:24:00', 2),
       (139, 'Ponanyli', '2022-10-29', '10:30:00', 1),
       (140, 'Ponanyli', '2022-10-29', '19:43:00', 2),
       (141, 'Jecugrrl', '2022-10-29', '11:50:00', 1),
       (142, 'Jecugrrl', '2022-10-29', '20:10:00', 2),
       (143, 'Iemarias', '2022-10-29', '12:15:00', 1),
       (144, 'Iemarias', '2022-10-29', '18:40:00', 2),
       (145, 'Deghayra', '2022-10-29', '12:50:00', 1),
       (146, 'Deghayra', '2022-10-29', '22:10:00', 2),
       (147, 'Pararlaf', '2022-10-29', '10:20:00', 1),
       (148, 'Pararlaf', '2022-10-29', '20:55:00', 2),
       (149, 'Ponanyli', '2022-11-01', '07:20:00', 1),
       (150, 'Ponanyli', '2022-11-01', '15:35:00', 2),
       (151, 'Dynarini', '2022-11-01', '08:40:00', 1),
       (152, 'Dynarini', '2022-11-01', '19:03:00', 2),
       (153, 'Ucerallb', '2022-11-04', '10:00:00', 1),
       (154, 'Ucerallb', '2022-11-04', '16:34:00', 2),
       (155, 'Ponanyli', '2022-11-04', '10:40:00', 1),
       (156, 'Ponanyli', '2022-11-04', '16:00:00', 2),
       (157, 'Eileangi', '2022-11-04', '10:10:00', 1),
       (158, 'Eileangi', '2022-11-04', '21:50:00', 2),
       (159, 'Tereraya', '2022-11-04', '10:55:00', 1),
       (160, 'Tereraya', '2022-11-04', '18:10:00', 2),
       (161, 'Tereraya', '2022-11-04', '18:55:00', 1),
       (162, 'Tereraya', '2022-11-04', '20:10:00', 2),
       (163, 'Katemede', '2022-11-04', '11:15:00', 1),
       (164, 'Katemede', '2022-11-04', '22:34:00', 2),
       (165, 'Jamelstr', '2022-11-04', '11:40:00', 1),
       (166, 'Jamelstr', '2022-11-04', '18:58:00', 2),
       (167, 'Mandreny', '2022-11-04', '10:00:00', 1),
       (168, 'Mandreny', '2022-11-04', '19:32:00', 2),
       (169, 'Ponanyli', '2022-11-06', '10:40:00', 1),
       (170, 'Ponanyli', '2022-11-06', '23:59:00', 2),
       (171, 'Nearache', '2022-11-06', '10:00:00', 1),
       (172, 'Nearache', '2022-11-06', '15:24:00', 2),
       (173, 'Naunggly', '2022-11-06', '07:30:00', 1),
       (174, 'Naunggly', '2022-11-06', '15:43:00', 2),
       (175, 'Tereraya', '2022-11-06', '10:50:00', 1),
       (176, 'Tereraya', '2022-11-06', '19:10:00', 2),
       (177, 'Toriaran', '2022-11-06', '10:20:00', 1),
       (178, 'Toriaran', '2022-11-06', '20:59:00', 2),
       (179, 'Mandreny', '2022-11-06', '10:00:00', 1),
       (180, 'Mandreny', '2022-11-06', '19:25:00', 2),
       (181, 'Deghayra', '2022-11-06', '10:30:00', 1),
       (182, 'Deghayra', '2022-11-06', '19:47:00', 2),
       (183, 'Iemarias', '2022-11-06', '07:50:00', 1),
       (184, 'Iemarias', '2022-11-06', '19:10:00', 2),
       (185, 'Pararlaf', '2022-11-06', '06:20:00', 1),
       (186, 'Pararlaf', '2022-11-06', '18:40:00', 2),
       (187, 'Naunggly', '2022-11-09', '10:20:00', 1),
       (188, 'Naunggly', '2022-11-09', '20:44:00', 2),
       (189, 'Ucerallb', '2022-11-09', '11:50:00', 1),
       (190, 'Ucerallb', '2022-11-09', '19:10:00', 2),
       (191, 'Toriaran', '2022-11-15', '11:55:00', 1),
       (192, 'Toriaran', '2022-11-15', '23:32:00', 2),
       (193, 'Thonimeo', '2022-11-15', '06:40:00', 1),
       (194, 'Thonimeo', '2022-11-15', '18:57:00', 2),
       (195, 'Nearache', '2022-11-15', '10:59:00', 1),
       (196, 'Nearache', '2022-11-15', '19:15:00', 2),
       (197, 'Katemede', '2022-11-15', '10:20:00', 1),
       (198, 'Katemede', '2022-11-15', '18:34:00', 2),
       (199, 'Jamelstr', '2022-11-18', '10:20:00', 1),
       (200, 'Jamelstr', '2022-11-18', '15:40:00', 2),
       (201, 'Iemarias', '2022-11-18', '10:45:00', 1),
       (202, 'Iemarias', '2022-11-18', '19:00:00', 2),
       (203, 'Mandreny', '2022-11-18', '10:10:00', 1),
       (204, 'Mandreny', '2022-11-18', '19:50:00', 2),
       (205, 'Jobinnne', '2022-11-18', '10:55:00', 1),
       (206, 'Jobinnne', '2022-11-18', '22:10:00', 2),
       (207, 'Naunggly', '2022-11-18', '05:15:00', 1),
       (208, 'Naunggly', '2022-11-18', '17:40:00', 2),
       (209, 'Katemede', '2022-11-18', '10:45:00', 1),
       (210, 'Katemede', '2022-11-18', '19:00:00', 2),
       (211, 'Jamelstr', '2022-11-20', '10:00:00', 1),
       (212, 'Jamelstr', '2022-11-20', '18:30:00', 2),
       (213, 'Toriaran', '2022-11-20', '10:40:00', 1),
       (214, 'Toriaran', '2022-11-20', '18:00:00', 2),
       (215, 'Katemede', '2022-11-20', '10:10:00', 1),
       (216, 'Katemede', '2022-11-20', '16:43:00', 2),
       (217, 'Tereraya', '2022-11-20', '10:50:00', 1),
       (218, 'Tereraya', '2022-11-20', '19:10:00', 2),
       (219, 'Jobinnne', '2022-11-20', '11:20:00', 1),
       (220, 'Jobinnne', '2022-11-20', '19:43:00', 2),
       (221, 'Jamelstr', '2022-11-23', '10:20:00', 1),
       (222, 'Jamelstr', '2022-11-23', '16:43:00', 2),
       (223, 'Mandreny', '2022-11-25', '10:30:00', 1),
       (224, 'Mandreny', '2022-11-25', '19:55:00', 2),
       (225, 'Deghayra', '2022-11-25', '07:56:00', 1),
       (226, 'Deghayra', '2022-11-25', '15:20:00', 2),
       (227, 'Toriaran', '2022-11-26', '10:25:00', 1),
       (228, 'Toriaran', '2022-11-26', '19:50:00', 2),
       (229, 'Jamelstr', '2022-11-30', '10:25:00', 1),
       (230, 'Jamelstr', '2022-11-30', '18:50:00', 2),
       (231, 'Jamelstr', '2023-01-15', '10:10:00', 1),
       (232, 'Jamelstr', '2023-01-15', '18:53:00', 2),
       (233, 'Toriaran', '2023-02-20', '06:10:00', 1),
       (234, 'Toriaran', '2023-02-20', '20:12:00', 2),
       (235, 'Mandreny', '2023-03-09', '07:10:00', 1),
       (236, 'Mandreny', '2023-03-09', '10:20:00', 2),
       (237, 'Mandreny', '2023-03-10', '10:20:00', 1),
       (238, 'Mandreny', '2023-03-10', '10:40:00', 2),
       (239, 'Mandreny', '2023-03-10', '11:00:00', 1),
       (240, 'Mandreny', '2023-03-10', '20:20:00', 2);

--------------------------------------
-- Добавление значений в таблицу XP --
--------------------------------------
INSERT INTO TransferredPoints (id, checkingpeer, checkedpeer, pointsamount)
VALUES (1, 'Dynarini', 'Oryadela', 0),
       (2, 'Dynarini', 'Nearache', 0),
       (3, 'Dynarini', 'Toriaran', 0),
       (4, 'Dynarini', 'Jobinnne', 1),
       (5, 'Dynarini', 'Pararlaf', 0),
       (6, 'Dynarini', 'Jecugrrl', 0),
       (7, 'Dynarini', 'Katemede', 0),
       (8, 'Dynarini', 'Naunggly', 0),
       (9, 'Dynarini', 'Westagar', 0),
       (10, 'Dynarini', 'Tereraya', 1),
       (11, 'Dynarini', 'Iemarias', 0),
       (12, 'Dynarini', 'Ponanyli', 1),
       (13, 'Dynarini', 'Jamelstr', 0),
       (14, 'Dynarini', 'Usicelar', 2),
       (15, 'Dynarini', 'Ucerallb', 0),
       (16, 'Dynarini', 'Deghayra', 0),
       (17, 'Dynarini', 'Mandreny', 0),
       (18, 'Dynarini', 'Thonimeo', 0),
       (19, 'Dynarini', 'Eileangi', 0),
       (20, 'Oryadela', 'Dynarini', 0),
       (21, 'Oryadela', 'Nearache', 0),
       (22, 'Oryadela', 'Toriaran', 1),
       (23, 'Oryadela', 'Jobinnne', 0),
       (24, 'Oryadela', 'Pararlaf', 0),
       (25, 'Oryadela', 'Jecugrrl', 0),
       (26, 'Oryadela', 'Katemede', 2),
       (27, 'Oryadela', 'Naunggly', 1),
       (28, 'Oryadela', 'Westagar', 0),
       (29, 'Oryadela', 'Tereraya', 0),
       (30, 'Oryadela', 'Iemarias', 0),
       (31, 'Oryadela', 'Ponanyli', 1),
       (32, 'Oryadela', 'Jamelstr', 0),
       (33, 'Oryadela', 'Usicelar', 0),
       (34, 'Oryadela', 'Ucerallb', 0),
       (35, 'Oryadela', 'Deghayra', 0),
       (36, 'Oryadela', 'Mandreny', 0),
       (37, 'Oryadela', 'Thonimeo', 0),
       (38, 'Oryadela', 'Eileangi', 1),
       (39, 'Nearache', 'Dynarini', 0),
       (40, 'Nearache', 'Oryadela', 0),
       (41, 'Nearache', 'Toriaran', 1),
       (42, 'Nearache', 'Jobinnne', 1),
       (43, 'Nearache', 'Pararlaf', 0),
       (44, 'Nearache', 'Jecugrrl', 0),
       (45, 'Nearache', 'Katemede', 1),
       (46, 'Nearache', 'Naunggly', 0),
       (47, 'Nearache', 'Westagar', 0),
       (48, 'Nearache', 'Tereraya', 1),
       (49, 'Nearache', 'Iemarias', 0),
       (50, 'Nearache', 'Ponanyli', 1),
       (51, 'Nearache', 'Jamelstr', 0),
       (52, 'Nearache', 'Usicelar', 0),
       (53, 'Nearache', 'Ucerallb', 1),
       (54, 'Nearache', 'Deghayra', 0),
       (55, 'Nearache', 'Mandreny', 1),
       (56, 'Nearache', 'Thonimeo', 1),
       (57, 'Nearache', 'Eileangi', 1),
       (58, 'Toriaran', 'Oryadela', 0),
       (59, 'Toriaran', 'Nearache', 0),
       (60, 'Toriaran', 'Dynarini', 0),
       (61, 'Toriaran', 'Jobinnne', 0),
       (62, 'Toriaran', 'Pararlaf', 1),
       (63, 'Toriaran', 'Jecugrrl', 0),
       (64, 'Toriaran', 'Katemede', 0),
       (65, 'Toriaran', 'Naunggly', 0),
       (66, 'Toriaran', 'Westagar', 1),
       (67, 'Toriaran', 'Tereraya', 2),
       (68, 'Toriaran', 'Iemarias', 0),
       (69, 'Toriaran', 'Ponanyli', 0),
       (70, 'Toriaran', 'Jamelstr', 1),
       (71, 'Toriaran', 'Usicelar', 0),
       (72, 'Toriaran', 'Ucerallb', 0),
       (73, 'Toriaran', 'Deghayra', 1),
       (74, 'Toriaran', 'Mandreny', 0),
       (75, 'Toriaran', 'Thonimeo', 0),
       (76, 'Toriaran', 'Eileangi', 0),
       (77, 'Jobinnne', 'Oryadela', 0),
       (78, 'Jobinnne', 'Nearache', 0),
       (79, 'Jobinnne', 'Toriaran', 0),
       (80, 'Jobinnne', 'Dynarini', 1),
       (81, 'Jobinnne', 'Pararlaf', 0),
       (82, 'Jobinnne', 'Jecugrrl', 0),
       (83, 'Jobinnne', 'Katemede', 0),
       (84, 'Jobinnne', 'Naunggly', 1),
       (85, 'Jobinnne', 'Westagar', 0),
       (86, 'Jobinnne', 'Tereraya', 1),
       (87, 'Jobinnne', 'Iemarias', 0),
       (88, 'Jobinnne', 'Ponanyli', 0),
       (89, 'Jobinnne', 'Jamelstr', 0),
       (90, 'Jobinnne', 'Usicelar', 1),
       (91, 'Jobinnne', 'Ucerallb', 0),
       (92, 'Jobinnne', 'Deghayra', 1),
       (93, 'Jobinnne', 'Mandreny', 1),
       (94, 'Jobinnne', 'Thonimeo', 1),
       (95, 'Jobinnne', 'Eileangi', 0),
       (96, 'Pararlaf', 'Oryadela', 1),
       (97, 'Pararlaf', 'Nearache', 0),
       (98, 'Pararlaf', 'Toriaran', 1),
       (99, 'Pararlaf', 'Jobinnne', 0),
       (100, 'Pararlaf', 'Dynarini', 0),
       (101, 'Pararlaf', 'Jecugrrl', 0),
       (102, 'Pararlaf', 'Katemede', 1),
       (103, 'Pararlaf', 'Naunggly', 0),
       (104, 'Pararlaf', 'Westagar', 0),
       (105, 'Pararlaf', 'Tereraya', 0),
       (106, 'Pararlaf', 'Iemarias', 0),
       (107, 'Pararlaf', 'Ponanyli', 0),
       (108, 'Pararlaf', 'Jamelstr', 0),
       (109, 'Pararlaf', 'Usicelar', 0),
       (110, 'Pararlaf', 'Ucerallb', 0),
       (111, 'Pararlaf', 'Deghayra', 0),
       (112, 'Pararlaf', 'Mandreny', 1),
       (113, 'Pararlaf', 'Thonimeo', 0),
       (114, 'Pararlaf', 'Eileangi', 2),
       (115, 'Jecugrrl', 'Oryadela', 0),
       (116, 'Jecugrrl', 'Nearache', 0),
       (117, 'Jecugrrl', 'Toriaran', 0),
       (118, 'Jecugrrl', 'Jobinnne', 0),
       (119, 'Jecugrrl', 'Pararlaf', 0),
       (120, 'Jecugrrl', 'Dynarini', 0),
       (121, 'Jecugrrl', 'Katemede', 0),
       (122, 'Jecugrrl', 'Naunggly', 1),
       (123, 'Jecugrrl', 'Westagar', 0),
       (124, 'Jecugrrl', 'Tereraya', 0),
       (125, 'Jecugrrl', 'Iemarias', 0),
       (126, 'Jecugrrl', 'Ponanyli', 1),
       (127, 'Jecugrrl', 'Jamelstr', 1),
       (128, 'Jecugrrl', 'Usicelar', 0),
       (129, 'Jecugrrl', 'Ucerallb', 0),
       (130, 'Jecugrrl', 'Deghayra', 0),
       (131, 'Jecugrrl', 'Mandreny', 0),
       (132, 'Jecugrrl', 'Thonimeo', 0),
       (133, 'Jecugrrl', 'Eileangi', 0),
       (134, 'Katemede', 'Oryadela', 0),
       (135, 'Katemede', 'Nearache', 0),
       (136, 'Katemede', 'Toriaran', 3),
       (137, 'Katemede', 'Jobinnne', 0),
       (138, 'Katemede', 'Pararlaf', 0),
       (139, 'Katemede', 'Jecugrrl', 0),
       (140, 'Katemede', 'Dynarini', 0),
       (141, 'Katemede', 'Naunggly', 0),
       (142, 'Katemede', 'Westagar', 0),
       (143, 'Katemede', 'Tereraya', 0),
       (144, 'Katemede', 'Iemarias', 1),
       (145, 'Katemede', 'Ponanyli', 0),
       (146, 'Katemede', 'Jamelstr', 1),
       (147, 'Katemede', 'Usicelar', 0),
       (148, 'Katemede', 'Ucerallb', 1),
       (149, 'Katemede', 'Deghayra', 0),
       (150, 'Katemede', 'Mandreny', 0),
       (151, 'Katemede', 'Thonimeo', 2),
       (152, 'Katemede', 'Eileangi', 1),
       (153, 'Naunggly', 'Oryadela', 0),
       (154, 'Naunggly', 'Nearache', 0),
       (155, 'Naunggly', 'Toriaran', 1),
       (156, 'Naunggly', 'Jobinnne', 0),
       (157, 'Naunggly', 'Pararlaf', 0),
       (158, 'Naunggly', 'Jecugrrl', 1),
       (159, 'Naunggly', 'Katemede', 0),
       (160, 'Naunggly', 'Dynarini', 1),
       (161, 'Naunggly', 'Westagar', 0),
       (162, 'Naunggly', 'Tereraya', 1),
       (163, 'Naunggly', 'Iemarias', 0),
       (164, 'Naunggly', 'Ponanyli', 0),
       (165, 'Naunggly', 'Jamelstr', 2),
       (166, 'Naunggly', 'Usicelar', 0),
       (167, 'Naunggly', 'Ucerallb', 0),
       (168, 'Naunggly', 'Deghayra', 0),
       (169, 'Naunggly', 'Mandreny', 1),
       (170, 'Naunggly', 'Thonimeo', 0),
       (171, 'Naunggly', 'Eileangi', 0),
       (172, 'Westagar', 'Oryadela', 0),
       (173, 'Westagar', 'Nearache', 1),
       (174, 'Westagar', 'Toriaran', 0),
       (175, 'Westagar', 'Jobinnne', 1),
       (176, 'Westagar', 'Pararlaf', 1),
       (177, 'Westagar', 'Jecugrrl', 0),
       (178, 'Westagar', 'Katemede', 0),
       (179, 'Westagar', 'Naunggly', 0),
       (180, 'Westagar', 'Dynarini', 1),
       (181, 'Westagar', 'Tereraya', 0),
       (182, 'Westagar', 'Iemarias', 0),
       (183, 'Westagar', 'Ponanyli', 2),
       (184, 'Westagar', 'Jamelstr', 0),
       (185, 'Westagar', 'Usicelar', 1),
       (186, 'Westagar', 'Ucerallb', 1),
       (187, 'Westagar', 'Deghayra', 1),
       (188, 'Westagar', 'Mandreny', 0),
       (189, 'Westagar', 'Thonimeo', 1),
       (190, 'Westagar', 'Eileangi', 0),
       (191, 'Tereraya', 'Oryadela', 0),
       (192, 'Tereraya', 'Nearache', 0),
       (193, 'Tereraya', 'Toriaran', 0),
       (194, 'Tereraya', 'Jobinnne', 0),
       (195, 'Tereraya', 'Pararlaf', 0),
       (196, 'Tereraya', 'Jecugrrl', 0),
       (197, 'Tereraya', 'Katemede', 0),
       (198, 'Tereraya', 'Naunggly', 0),
       (199, 'Tereraya', 'Westagar', 0),
       (200, 'Tereraya', 'Dynarini', 0),
       (201, 'Tereraya', 'Iemarias', 0),
       (202, 'Tereraya', 'Ponanyli', 0),
       (203, 'Tereraya', 'Jamelstr', 0),
       (204, 'Tereraya', 'Usicelar', 0),
       (205, 'Tereraya', 'Ucerallb', 0),
       (206, 'Tereraya', 'Deghayra', 0),
       (207, 'Tereraya', 'Mandreny', 0),
       (208, 'Tereraya', 'Thonimeo', 0),
       (209, 'Tereraya', 'Eileangi', 1),
       (210, 'Iemarias', 'Oryadela', 0),
       (211, 'Iemarias', 'Nearache', 0),
       (212, 'Iemarias', 'Toriaran', 2),
       (213, 'Iemarias', 'Jobinnne', 0),
       (214, 'Iemarias', 'Pararlaf', 0),
       (215, 'Iemarias', 'Jecugrrl', 1),
       (216, 'Iemarias', 'Katemede', 0),
       (217, 'Iemarias', 'Naunggly', 0),
       (218, 'Iemarias', 'Westagar', 0),
       (219, 'Iemarias', 'Tereraya', 1),
       (220, 'Iemarias', 'Dynarini', 0),
       (221, 'Iemarias', 'Ponanyli', 0),
       (222, 'Iemarias', 'Jamelstr', 1),
       (223, 'Iemarias', 'Usicelar', 0),
       (224, 'Iemarias', 'Ucerallb', 0),
       (225, 'Iemarias', 'Deghayra', 0),
       (226, 'Iemarias', 'Mandreny', 0),
       (227, 'Iemarias', 'Thonimeo', 2),
       (228, 'Iemarias', 'Eileangi', 1),
       (229, 'Ponanyli', 'Oryadela', 0),
       (230, 'Ponanyli', 'Nearache', 0),
       (231, 'Ponanyli', 'Toriaran', 1),
       (232, 'Ponanyli', 'Jobinnne', 1),
       (233, 'Ponanyli', 'Pararlaf', 0),
       (234, 'Ponanyli', 'Jecugrrl', 0),
       (235, 'Ponanyli', 'Katemede', 0),
       (236, 'Ponanyli', 'Naunggly', 1),
       (237, 'Ponanyli', 'Westagar', 0),
       (238, 'Ponanyli', 'Tereraya', 0),
       (239, 'Ponanyli', 'Iemarias', 0),
       (240, 'Ponanyli', 'Dynarini', 0),
       (241, 'Ponanyli', 'Jamelstr', 0),
       (242, 'Ponanyli', 'Usicelar', 0),
       (243, 'Ponanyli', 'Ucerallb', 1),
       (244, 'Ponanyli', 'Deghayra', 1),
       (245, 'Ponanyli', 'Mandreny', 1),
       (246, 'Ponanyli', 'Thonimeo', 0),
       (247, 'Ponanyli', 'Eileangi', 0),
       (248, 'Jamelstr', 'Oryadela', 0),
       (249, 'Jamelstr', 'Nearache', 0),
       (250, 'Jamelstr', 'Toriaran', 0),
       (251, 'Jamelstr', 'Jobinnne', 1),
       (252, 'Jamelstr', 'Pararlaf', 2),
       (253, 'Jamelstr', 'Jecugrrl', 0),
       (254, 'Jamelstr', 'Katemede', 0),
       (255, 'Jamelstr', 'Naunggly', 0),
       (256, 'Jamelstr', 'Westagar', 0),
       (257, 'Jamelstr', 'Tereraya', 0),
       (258, 'Jamelstr', 'Iemarias', 2),
       (259, 'Jamelstr', 'Ponanyli', 1),
       (260, 'Jamelstr', 'Dynarini', 1),
       (261, 'Jamelstr', 'Usicelar', 0),
       (262, 'Jamelstr', 'Ucerallb', 0),
       (263, 'Jamelstr', 'Deghayra', 1),
       (264, 'Jamelstr', 'Mandreny', 1),
       (265, 'Jamelstr', 'Thonimeo', 0),
       (266, 'Jamelstr', 'Eileangi', 0),
       (267, 'Usicelar', 'Oryadela', 0),
       (268, 'Usicelar', 'Nearache', 1),
       (269, 'Usicelar', 'Toriaran', 0),
       (270, 'Usicelar', 'Jobinnne', 0),
       (271, 'Usicelar', 'Pararlaf', 0),
       (272, 'Usicelar', 'Jecugrrl', 0),
       (273, 'Usicelar', 'Katemede', 2),
       (274, 'Usicelar', 'Naunggly', 0),
       (275, 'Usicelar', 'Westagar', 0),
       (276, 'Usicelar', 'Tereraya', 0),
       (277, 'Usicelar', 'Iemarias', 0),
       (278, 'Usicelar', 'Ponanyli', 0),
       (279, 'Usicelar', 'Jamelstr', 1),
       (280, 'Usicelar', 'Dynarini', 0),
       (281, 'Usicelar', 'Ucerallb', 0),
       (282, 'Usicelar', 'Deghayra', 0),
       (283, 'Usicelar', 'Mandreny', 0),
       (284, 'Usicelar', 'Thonimeo', 0),
       (285, 'Usicelar', 'Eileangi', 0),
       (286, 'Deghayra', 'Oryadela', 0),
       (287, 'Deghayra', 'Nearache', 0),
       (288, 'Deghayra', 'Toriaran', 0),
       (289, 'Deghayra', 'Jobinnne', 0),
       (290, 'Deghayra', 'Pararlaf', 0),
       (291, 'Deghayra', 'Jecugrrl', 1),
       (292, 'Deghayra', 'Katemede', 0),
       (293, 'Deghayra', 'Naunggly', 1),
       (294, 'Deghayra', 'Westagar', 0),
       (295, 'Deghayra', 'Tereraya', 0),
       (296, 'Deghayra', 'Iemarias', 0),
       (297, 'Deghayra', 'Ponanyli', 0),
       (298, 'Deghayra', 'Jamelstr', 1),
       (299, 'Deghayra', 'Usicelar', 0),
       (300, 'Deghayra', 'Ucerallb', 0),
       (301, 'Deghayra', 'Dynarini', 0),
       (302, 'Deghayra', 'Mandreny', 0),
       (303, 'Deghayra', 'Thonimeo', 0),
       (304, 'Deghayra', 'Eileangi', 0),
       (305, 'Mandreny', 'Oryadela', 1),
       (306, 'Mandreny', 'Nearache', 1),
       (307, 'Mandreny', 'Toriaran', 0),
       (308, 'Mandreny', 'Jobinnne', 0),
       (309, 'Mandreny', 'Pararlaf', 0),
       (310, 'Mandreny', 'Jecugrrl', 0),
       (311, 'Mandreny', 'Katemede', 0),
       (312, 'Mandreny', 'Naunggly', 0),
       (313, 'Mandreny', 'Westagar', 0),
       (314, 'Mandreny', 'Tereraya', 0),
       (315, 'Mandreny', 'Iemarias', 0),
       (316, 'Mandreny', 'Ponanyli', 1),
       (317, 'Mandreny', 'Jamelstr', 1),
       (318, 'Mandreny', 'Usicelar', 0),
       (319, 'Mandreny', 'Ucerallb', 0),
       (320, 'Mandreny', 'Deghayra', 0),
       (321, 'Mandreny', 'Dynarini', 0),
       (322, 'Mandreny', 'Thonimeo', 0),
       (323, 'Mandreny', 'Eileangi', 1),
       (324, 'Thonimeo', 'Oryadela', 0),
       (325, 'Thonimeo', 'Nearache', 1),
       (326, 'Thonimeo', 'Toriaran', 0),
       (327, 'Thonimeo', 'Jobinnne', 1),
       (328, 'Thonimeo', 'Pararlaf', 0),
       (329, 'Thonimeo', 'Jecugrrl', 0),
       (330, 'Thonimeo', 'Katemede', 1),
       (331, 'Thonimeo', 'Naunggly', 1),
       (332, 'Thonimeo', 'Westagar', 0),
       (333, 'Thonimeo', 'Tereraya', 0),
       (334, 'Thonimeo', 'Iemarias', 0),
       (335, 'Thonimeo', 'Ponanyli', 0),
       (336, 'Thonimeo', 'Jamelstr', 0),
       (337, 'Thonimeo', 'Usicelar', 0),
       (338, 'Thonimeo', 'Ucerallb', 1),
       (339, 'Thonimeo', 'Deghayra', 0),
       (340, 'Thonimeo', 'Mandreny', 1),
       (341, 'Thonimeo', 'Dynarini', 0),
       (342, 'Thonimeo', 'Eileangi', 0),
       (343, 'Eileangi', 'Oryadela', 0),
       (344, 'Eileangi', 'Nearache', 0),
       (345, 'Eileangi', 'Toriaran', 0),
       (346, 'Eileangi', 'Jobinnne', 0),
       (347, 'Eileangi', 'Pararlaf', 0),
       (348, 'Eileangi', 'Jecugrrl', 0),
       (349, 'Eileangi', 'Katemede', 0),
       (350, 'Eileangi', 'Naunggly', 1),
       (351, 'Eileangi', 'Westagar', 0),
       (352, 'Eileangi', 'Tereraya', 1),
       (353, 'Eileangi', 'Iemarias', 0),
       (354, 'Eileangi', 'Ponanyli', 0),
       (355, 'Eileangi', 'Jamelstr', 0),
       (356, 'Eileangi', 'Usicelar', 0),
       (357, 'Eileangi', 'Ucerallb', 0),
       (358, 'Eileangi', 'Deghayra', 1),
       (359, 'Eileangi', 'Mandreny', 1),
       (360, 'Eileangi', 'Thonimeo', 0),
       (361, 'Eileangi', 'Dynarini', 0),
       (362, 'Ucerallb', 'Oryadela', 1),
       (363, 'Ucerallb', 'Nearache', 0),
       (364, 'Ucerallb', 'Toriaran', 1),
       (365, 'Ucerallb', 'Jobinnne', 0),
       (366, 'Ucerallb', 'Pararlaf', 0),
       (367, 'Ucerallb', 'Jecugrrl', 0),
       (368, 'Ucerallb', 'Katemede', 0),
       (369, 'Ucerallb', 'Naunggly', 0),
       (370, 'Ucerallb', 'Westagar', 0),
       (371, 'Ucerallb', 'Tereraya', 0),
       (372, 'Ucerallb', 'Iemarias', 0),
       (373, 'Ucerallb', 'Ponanyli', 0),
       (374, 'Ucerallb', 'Jamelstr', 1),
       (375, 'Ucerallb', 'Usicelar', 0),
       (376, 'Ucerallb', 'Dynarini', 0),
       (377, 'Ucerallb', 'Deghayra', 0),
       (378, 'Ucerallb', 'Mandreny', 0),
       (379, 'Ucerallb', 'Thonimeo', 1),
       (380, 'Ucerallb', 'Eileangi', 1);

--------------------------------------
-- Добавление значений в таблицу XP --
--------------------------------------
INSERT INTO XP (id, "Check", xpamount)
VALUES (1, 1, 250),
       (2, 2, 250),
       (3, 3, 250),
       (4, 4, 250),
       (5, 5, 250),
       (6, 6, 250),
       (7, 7, 500),
       (8, 8, 250),
       (9, 9, 250),
       (10, 10, 500),
       (11, 11, 500),
       (12, 12, 250),
       (13, 13, 250),
       (14, 14, 500),
       (15, 15, 500),
       (16, 16, 250),
       (17, 17, 250),
       (18, 18, 500),
       (19, 19, 250),
       (20, 20, 250),
       (21, 22, 300),
       (22, 23, 300),
       (23, 26, 500),
       (24, 28, 500),
       (25, 29, 250),
       (26, 30, 500),
       (27, 32, 250),
       (28, 33, 500),
       (29, 34, 500),
       (30, 35, 300),
       (31, 36, 250),
       (32, 38, 300),
       (33, 39, 300),
       (34, 40, 300),
       (35, 41, 500),
       (36, 42, 300),
       (37, 43, 250),
       (38, 45, 500),
       (39, 46, 350),
       (40, 47, 300),
       (41, 49, 500),
       (42, 51, 500),
       (43, 52, 500),
       (44, 53, 300),
       (45, 55, 500),
       (46, 58, 500),
       (47, 59, 350),
       (48, 61, 250),
       (49, 62, 350),
       (50, 63, 350),
       (51, 65, 350),
       (52, 66, 300),
       (53, 67, 300),
       (54, 69, 350),
       (55, 72, 250),
       (56, 73, 350),
       (57, 74, 300),
       (58, 75, 300),
       (59, 76, 300),
       (60, 77, 350),
       (61, 79, 200),
       (62, 81, 300),
       (63, 82, 200),
       (64, 84, 350),
       (65, 85, 300),
       (66, 87, 350),
       (67, 88, 350),
       (68, 89, 200),
       (69, 90, 200),
       (70, 91, 500),
       (71, 93, 300),
       (72, 95, 300),
       (73, 96, 200),
       (74, 97, 350),
       (75, 101, 500),
       (76, 103, 300),
       (77, 106, 300),
       (78, 107, 350),
       (79, 108, 200),
       (80, 109, 200),
       (81, 110, 500),
       (82, 111, 750),
       (83, 114, 750),
       (84, 116, 300),
       (85, 118, 500);
